date,EA_MRO,EA_IP_INDEX,NBU_KEY_RATE,UAH_USD,UA_IP_YOY,BRENT,EA_IP_YOY,BRENT_YOY,FX_USD_DEPR,FX_DEPR,POLICY_SPREAD,POLICY_SPREAD_CHG
2000-01-01,3.0,87.7,45.0,5.4755,,25.511,,,,,42.0,
2000-02-01,3.25,88.9,35.0,5.4975,,27.775714285714283,,,0.40098477131023885,0.40098477131023885,31.75,-10.25
2000-03-01,3.5,89.0,32.0,5.4276,,27.48608695652174,,,-1.2796396157118437,-1.2796396157118437,28.5,-3.25
2000-04-01,3.75,90.1,29.0,5.4003,,22.764444444444443,,,-0.5042539707029293,-0.5042539707029293,25.25,-3.25
2000-05-01,3.75,91.3,29.0,5.4144,,27.73761904761905,,,0.26075634070807696,0.26075634070807696,25.25,0.0
2000-06-01,4.25,90.1,29.0,5.4378,,29.795454545454547,,,0.4312496316941702,0.4312496316941702,24.75,-0.5
2000-07-01,4.25,91.1,29.0,5.4387,,28.682380952380953,,,0.016549441494108134,0.016549441494108134,24.75,0.0
2000-08-01,4.25,91.1,27.0,5.4385,,30.19608695652174,,,-0.0036774169827204157,-0.0036774169827204157,22.75,-2.0
2000-09-01,4.5,91.3,27.0,5.4397,,33.1447619047619,,,0.022062473660479223,0.022062473660479223,22.5,-0.25
2000-10-01,4.75,91.4,27.0,5.4369,,30.96090909090909,,,-0.05148667895950261,-0.05148667895950261,22.25,-0.25
2000-11-01,4.75,92.3,27.0,5.4367,,32.55227272727273,,,-0.0036786344912852114,-0.0036786344912852114,22.25,0.0
2000-12-01,4.75,92.9,27.0,5.4345,,25.66,,,-0.040473913276044694,-0.040473913276044694,22.25,0.0
2001-01-01,4.75,92.1,27.0,5.4306,,25.624545454545455,4.895304388312361,0.44409672430335767,-0.07178949420614952,-0.07178949420614952,22.25,0.0
2001-02-01,4.75,92.4,27.0,5.4288,,27.503500000000003,3.8614836127779517,-0.9848782751108873,-0.033151003121441126,-0.033151003121441126,22.25,0.0
2001-03-01,4.75,92.1,25.0,5.4192,,24.49727272727273,3.4238573529121337,-11.51181536933036,-0.17699119664583582,-0.17699119664583582,20.25,-2.0
2001-04-01,4.75,91.2,21.0,5.4158,,25.657142857142855,1.2134732465993614,11.962214225773542,-0.06275957750989032,-0.06275957750989032,16.25,-4.0
2001-05-01,4.5,91.5,21.0,5.4152,,28.313636363636363,0.21881846805529145,2.055395871468668,-0.011079309401049856,-0.011079309401049856,16.5,0.25
2001-06-01,4.5,91.5,19.0,5.3828,,27.84904761904762,1.5418807667183358,-6.755708085946862,-0.6001129327011478,-0.6001129327011478,14.5,-2.0
2001-07-01,4.5,89.7,19.0,5.3535,,24.613636363636363,-1.5487035201162114,-15.298241706834256,-0.5458132269061419,-0.5458132269061419,14.5,0.0
2001-08-01,4.25,92.0,17.0,5.3404,,25.68,0.9830772783127735,-16.199986618791808,-0.24499960823849512,-0.24499960823849512,12.75,-1.75
2001-09-01,3.75,90.8,15.0,5.3311,,25.6195,-0.5491501993675121,-25.753091194892853,-0.17429606623963723,-0.17429606623963723,11.25,-1.5
2001-10-01,3.75,89.3,15.0,5.2937,,20.53782608695652,-2.324399057765106,-41.04570508181993,-0.7040161598138385,-0.7040161598138385,11.25,0.0
2001-11-01,3.25,88.8,15.0,5.2831,,18.797272727272727,-3.8657491510682123,-54.91353972532503,-0.20043876312029013,-0.20043876312029013,11.75,0.5
2001-12-01,3.25,89.6,12.5,5.2985,,18.705263157894734,-3.616832583890814,-31.612842263338,0.2910714990688333,0.2910714990688333,9.25,-2.5
2002-01-01,3.25,89.6,12.5,5.321,,19.416818181818183,-2.7519623280376386,-27.741109183934682,0.4237493981478673,0.4237493981478673,9.25,0.0
2002-02-01,3.25,89.7,12.5,5.3215,,20.2755,-2.9656209582888082,-30.490000869145682,0.009396288472970348,0.009396288472970348,9.25,0.0
2002-03-01,3.25,90.6,11.5,5.322,,23.696666666666665,-1.6420730212327521,-3.3227402826999652,0.009395405653549174,0.009395405653549174,8.25,-1.0
2002-04-01,3.25,90.4,10.0,5.327,,25.72863636363636,-0.8810629682154807,0.27826201610124457,0.09390553793647281,0.09390553793647281,6.75,-1.5
2002-05-01,3.25,90.7,10.0,5.3293,,25.345454545454547,-0.8781615160384677,-11.074413281378554,0.04316695355264663,0.04316695355264663,6.75,0.0
2002-06-01,3.25,91.2,10.0,5.3288,,24.081666666666667,-0.32840752011898844,-14.534793720850528,-0.009382535355580831,-0.009382535355580831,6.75,0.0
2002-07-01,3.25,90.5,8.0,5.329,,25.73608695652174,0.8879081641129924,4.459355563759996,0.003753119781242299,0.003753119781242299,4.75,-2.0
2002-08-01,3.25,90.8,8.0,5.3293,,26.651363636363637,-1.3129291441792736,3.7127838824889423,0.005629415574326193,0.005629415574326193,4.75,0.0
2002-09-01,3.25,91.3,8.0,5.3295,,28.39952380952381,0.5491501993675162,10.301859748127388,0.003752767666597008,0.003752767666597008,4.75,0.0
2002-10-01,3.25,90.8,8.0,5.3302,,27.54304347826087,1.6657797724794194,29.348163751411448,0.01313357788690463,0.01313357788690463,4.75,0.0
2002-11-01,3.25,91.1,8.0,5.3312,,24.335238095238097,2.5571154267788163,25.821363568891663,0.01875926244083172,0.01875926244083172,4.75,0.0
2002-12-01,2.75,89.8,7.0,5.3324,,28.334500000000002,0.22296553272690683,41.52752068909572,0.02250647070529783,0.02250647070529783,4.25,-0.5
2003-01-01,2.75,91.1,7.0,5.3329,,31.183636363636364,1.6602484285027819,47.37538746028673,0.009376201332666393,0.009376201332666393,4.25,0.0
2003-02-01,2.75,91.4,7.0,5.3345,,32.771,1.8774709395354023,48.01307173508667,0.029997937866740085,0.029997937866740085,4.25,0.0
2003-03-01,2.5,90.7,7.0,5.3345,,30.612380952380953,0.11031440721573899,25.607014214096075,0.0,0.0,4.5,0.25
2003-04-01,2.5,91.1,7.0,5.3337,,25.06772727272727,0.7713536867781808,-2.602337416922417,-0.014997844088032071,-0.014997844088032071,4.5,0.0
2003-05-01,2.5,89.5,7.0,5.333,,25.857727272727274,-1.3318731840281315,2.001007757478405,-0.01312495900334939,-0.01312495900334939,4.5,0.0
2003-06-01,2.0,89.6,7.0,5.3328,,27.652857142857144,-1.7699577099400974,13.827822332467615,-0.0037503047127025726,-0.0037503047127025726,5.0,0.5
2003-07-01,2.0,91.1,7.0,5.3318,,28.348695652173912,0.6607953560032094,9.668685165333617,-0.01875363357144463,-0.01875363357144463,5.0,0.0
2003-08-01,2.0,90.0,7.0,5.3315,,29.888095238095236,-0.88496152769825,11.46199308941445,-0.0056267759526455775,-0.0056267759526455775,5.0,0.0
2003-09-01,2.0,89.7,7.0,5.3315,,27.112272727272728,-1.7680018536172335,-4.638588421943762,0.0,0.0,5.0,0.0
2003-10-01,2.0,92.2,7.0,5.3319,,29.60782608695652,1.5300844955300543,7.2288722825671625,0.0075022975821594845,0.0075022975821594845,5.0,0.0
2003-11-01,2.0,92.0,7.0,5.332,,28.752499999999998,0.9830772783127735,16.67992926813746,0.0018754864543579519,0.0018754864543579519,5.0,0.0
2003-12-01,2.0,92.0,7.0,5.3315,,29.80714285714286,2.42036017408864,5.066791453718104,-0.009377784036503523,-0.009377784036503523,5.0,0.0
2004-01-01,2.0,91.8,7.0,5.3311,,31.280952380952378,0.7654493360532265,0.31158804694398284,-0.007502860469068211,-0.007502860469068211,5.0,0.0
2004-02-01,2.0,92.6,7.0,5.3299,,30.8585,1.304366319202918,-6.013173881754565,-0.02251195957354255,-0.02251195957354255,5.0,0.0
2004-03-01,2.0,92.1,7.0,5.3293,,33.63434782608696,1.5317586140170192,9.41432681351008,-0.011257880528259729,-0.011257880528259729,5.0,0.0
2004-04-01,2.0,93.0,7.0,5.3287,,33.59090909090909,2.0641688887343284,29.26742147853118,-0.011259148069677333,-0.011259148069677333,5.0,0.0
2004-05-01,2.0,93.2,7.0,5.325,,37.56761904761905,4.0509096410735825,37.353300014909735,-0.06945943942028326,-0.06945943942028326,5.0,0.0
2004-06-01,2.0,93.0,7.5,5.3207,,35.18363636363636,3.7244173172371178,24.085204338048953,-0.08078379503177487,-0.08078379503177487,5.5,0.5
2004-07-01,2.0,93.8,7.5,5.316,,38.221363636363634,2.9207051746266317,29.881359640910226,-0.08837327941722314,-0.08837327941722314,5.5,0.0
2004-08-01,2.0,92.1,7.5,5.3116,,42.74409090909091,2.306527293099597,35.77707129393585,-0.08280327169633575,-0.08280327169633575,5.5,0.0
2004-09-01,2.0,93.3,7.5,5.3077,,43.19681818181818,3.9349338788547685,46.57803458020193,-0.07345117240007289,-0.07345117240007289,5.5,0.0
2004-10-01,2.0,93.7,8.0,5.3065,,49.776666666666664,1.6138058681828296,51.9507612187594,-0.02261121902946024,-0.02261121902946024,6.0,0.5
2004-11-01,2.0,92.6,9.0,5.3062,,43.110454545454544,0.6500564603093242,40.504081257073786,-0.005653603702737394,-0.005653603702737394,7.0,1.0
2004-12-01,2.0,92.8,9.0,5.3054,,39.60217391304348,0.8658062743114531,28.413595556543992,-0.015077839374187066,-0.015077839374187066,7.0,0.0
2005-01-01,2.0,93.7,9.0,5.3039,,44.509,2.0485891617931724,35.26820537389956,-0.028277077846705228,-0.028277077846705228,7.0,0.0
2005-02-01,2.0,93.3,9.0,5.299,,45.475,0.7530966201164432,38.77504852610099,-0.09242754998787281,-0.09242754998787281,7.0,0.0
2005-03-01,2.0,93.4,9.0,5.2808,,53.10454545454545,1.4016401973536001,45.67147248154431,-0.3440522118201091,-0.3440522118201091,7.0,0.0
2005-04-01,2.0,94.8,9.0,5.05,,51.88380952380952,1.9169916107720124,43.47513186885538,-4.468935810515563,-4.468935810515563,7.0,0.0
2005-05-01,2.0,93.4,9.0,5.05,,48.64545454545455,0.21436235432513692,25.84158887070088,0.0,0.0,7.0,0.0
2005-06-01,2.0,94.3,9.0,5.055,,54.35454545454545,1.3881696486155817,43.494714460585755,0.09896091851662818,0.09896091851662818,7.0,0.0
2005-07-01,2.0,94.8,9.0,5.05,,57.52,1.0604553248797066,40.873809663002355,-0.09896091851662782,-0.09896091851662782,7.0,0.0
2005-08-01,2.0,93.6,9.5,5.05,,63.98347826086956,1.6155440222285207,40.33939363785977,0.0,0.0,7.5,0.5
2005-09-01,2.0,95.1,9.5,5.05,,62.908181818181816,1.9108861698046506,37.590939250895076,0.0,0.0,7.5,0.0
2005-10-01,2.0,95.2,9.5,5.05,,58.53857142857142,1.5881752552943191,16.21395442265292,0.0,0.0,7.5,0.0
2005-11-01,2.0,96.7,9.5,5.05,,55.24181818181818,4.332426080711503,24.795470966962124,0.0,0.0,7.5,0.0
2005-12-01,2.25,95.8,9.5,5.05,,56.855714285714285,3.181604518465999,36.16327167376415,0.0,0.0,7.25,-0.25
2006-01-01,2.25,96.5,9.5,5.05,,62.985238095238095,2.9444819100563726,34.72089670726602,0.0,0.0,7.25,0.0
2006-02-01,2.25,96.4,9.5,5.05,,60.21,3.2686093763201964,28.067572707217046,0.0,0.0,7.25,0.0
2006-03-01,2.5,97.2,9.5,5.05,,62.06478260869565,3.9879366231596327,15.591619395775144,0.0,0.0,7.0,-0.25
2006-04-01,2.5,97.4,9.5,5.05,,70.26,2.7056801387513296,30.319586055924137,0.0,0.0,7.0,0.0
2006-05-01,2.5,98.8,9.5,5.05,,69.77695652173912,5.620625951902518,36.074544695091795,0.0,0.0,7.0,0.0
2006-06-01,2.75,98.9,8.5,5.05,,68.5559090909091,4.7628048989254665,23.21213603850202,0.0,0.0,5.75,-1.25
2006-07-01,2.75,98.6,8.5,5.05,,73.67428571428572,3.930185234761367,24.75211200745323,0.0,0.0,5.75,0.0
2006-08-01,3.0,98.8,8.5,5.05,,73.2304347826087,5.406722127027579,13.498621241644013,0.0,0.0,5.5,-0.25
2006-09-01,3.0,99.0,8.5,5.05,,61.95857142857143,4.019088058324527,-1.5210272914684637,0.0,0.0,5.5,0.0
2006-10-01,3.25,98.7,8.5,5.05,,57.808181818181815,3.6105004642116354,-1.2555558019297375,0.0,0.0,5.25,-0.25
2006-11-01,3.25,99.6,8.5,5.05,,58.76136363636363,2.954876213130373,6.176431569305645,0.0,0.0,5.25,0.0
2006-12-01,3.5,101.2,8.5,5.05,,62.47210526315789,5.48360718765503,9.420341103901537,0.0,0.0,5.0,-0.25
2007-01-01,3.5,100.7,8.5,5.05,111.7,53.68142857142857,4.260279137957639,-15.983327794581548,0.0,0.0,5.0,0.0
2007-02-01,3.5,101.2,8.5,5.05,107.8,57.55578947368421,4.859255523686528,-4.508372234676119,0.0,0.0,5.0,0.0
2007-03-01,3.75,101.9,8.5,5.05,106.9,62.05045454545455,4.722122876228566,-0.02308832280916019,0.0,0.0,4.75,-0.25
2007-04-01,3.75,100.5,8.5,5.05,109.2,67.4857894736842,3.1331516850640972,-4.028559743876202,0.0,0.0,4.75,0.0
2007-05-01,3.75,102.2,8.5,5.05,105.5,67.21227272727273,3.3834073015782082,-3.7447958745377186,0.0,0.0,4.75,0.0
2007-06-01,4.0,102.5,8.0,5.05,107.0,71.04571428571428,3.5753559949796445,3.5673929555915036,0.0,0.0,4.0,-0.75
2007-07-01,4.0,102.6,8.0,5.05,105.6,76.92999999999999,3.9766671128079483,4.3242083983519635,0.0,0.0,4.0,0.0
2007-08-01,4.0,103.1,8.0,5.05,109.5,70.76086956521739,4.260178626909205,-3.4304952121616044,0.0,0.0,4.0,0.0
2007-09-01,4.0,102.9,8.0,5.05,105.3,77.17315789473685,3.8637792705414133,21.958574197340017,0.0,0.0,4.0,0.0
2007-10-01,4.0,103.6,8.0,5.05,113.9,82.34,4.845238338594675,35.372669673345925,0.0,0.0,4.0,0.0
2007-11-01,4.0,103.0,8.0,5.05,104.0,92.41428571428571,3.3566823639083196,45.27970160766115,0.0,0.0,4.0,0.0
2007-12-01,4.0,103.5,8.0,5.05,100.3,90.92684210526315,2.2472855852058577,37.53351089559469,0.0,0.0,4.0,0.0
2008-01-01,4.0,104.6,10.0,5.05,105.0,92.17809523809524,3.799775190630592,54.0655418532874,0.0,0.0,6.0,2.0
2008-02-01,4.0,104.6,10.0,5.05,107.2,94.9865,3.304479477745717,50.09800471098782,0.0,0.0,6.0,0.0
2008-03-01,4.0,103.8,10.0,5.05,102.3,103.63550000000001,1.847403050310912,51.293209812766825,0.0,0.0,6.0,0.0
2008-04-01,4.0,105.3,12.0,5.05,102.8,109.07136363636364,4.665569164079942,48.00853308598708,0.0,0.0,8.0,2.0
2008-05-01,4.0,101.9,12.0,4.852,104.8,122.79714285714284,-0.29397375409249576,60.2677888082296,-3.9997252205464684,-3.9997252205464684,8.0,0.0
2008-06-01,4.0,102.2,12.0,4.8489,100.8,132.32238095238094,-0.2931120808858812,62.19176919805397,-0.06391159800681047,-0.06391159800681047,8.0,0.0
2008-07-01,4.25,101.3,12.0,4.8451,102.9,132.71818181818182,-1.2751521482031491,54.53320289367205,-0.07839901371231883,-0.07839901371231883,7.75,-0.25
2008-08-01,4.25,100.8,12.0,4.8457,96.7,113.24333333333334,-2.2561035385645942,47.02327376630163,0.012382878622319647,0.012382878622319647,7.75,0.0
2008-09-01,4.25,100.0,12.0,4.861,98.5,97.23476190476191,-2.8587456851912623,23.107657938953178,0.3152464312482718,0.3152464312482718,7.75,0.0
2008-10-01,3.75,97.9,12.0,5.7604,78.9,71.58217391304348,-5.659078028891793,-14.001094106768381,16.976273867777206,16.976273867777206,8.25,0.5
2008-11-01,3.25,94.3,12.0,6.7418,72.7,52.45263157894737,-8.824779859022401,-56.63710673137628,15.732003484287315,15.732003484287315,8.75,0.5
2008-12-01,2.5,90.5,12.0,7.7,75.7,39.94681818181818,-13.422176199954333,-82.25062262506496,13.289337727567446,13.289337727567446,9.5,0.75
2009-01-01,2.0,86.7,12.0,7.7,69.2,43.439499999999995,-18.768966784432624,-75.23533581431943,0.0,0.0,10.0,0.5
2009-02-01,2.0,84.7,12.0,7.7,72.2,43.32473684210526,-21.10279499728138,-78.50110146988298,0.0,0.0,10.0,0.0
2009-03-01,1.5,83.6,12.0,7.7,73.4,46.540454545454544,-21.642245064113233,-80.05580106261205,0.0,0.0,10.5,0.5
2009-04-01,1.25,82.5,12.0,7.7,71.5,50.18190476190476,-24.40151257992945,-77.63478814537412,0.0,0.0,10.75,0.25
2009-05-01,1.0,84.5,12.0,7.6188,70.7,57.302499999999995,-18.7240405865551,-76.21894960203409,-1.0601451877370662,-1.0601451877370662,11.0,0.25
2009-06-01,1.0,85.0,11.0,7.6303,73.5,68.60954545454545,-18.42804212792876,-65.68095533903914,0.1508286020832466,0.1508286020832466,10.0,-1.0
2009-07-01,1.0,85.3,11.0,7.698,74.7,64.43545454545455,-17.19119567570043,-72.25639283667313,0.8833391858454387,0.8833391858454387,10.0,0.0
2009-08-01,1.0,85.4,10.25,7.989,76.4,72.50857142857143,-16.579225484274396,-44.583411434319025,3.7105040638350335,3.7105040638350335,9.25,-0.75
2009-09-01,1.0,87.4,10.25,8.01,80.4,67.64619047619047,-13.467490332660145,-36.28372395163111,0.26251655803630436,0.26251655803630436,9.25,0.0
2009-10-01,1.0,87.1,10.25,8.0,91.9,72.76954545454545,-11.688966567800769,1.6451460735130832,-0.12492194004319278,-0.12492194004319278,9.25,0.0
2009-11-01,1.0,87.5,10.25,7.9809,105.0,76.662,-7.484239627584308,37.94956421563774,-0.2390354622637827,-0.2390354622637827,9.25,0.0
2009-12-01,1.0,87.3,10.25,7.985,105.3,74.45636363636363,-3.5999387860323986,62.26642067513125,0.051359460977760084,0.051359460977760084,9.25,0.0
2010-01-01,1.0,88.8,10.25,8.0012,113.2,76.16736842105263,2.393276621162814,56.156396959868715,0.20267487639849965,0.20267487639849965,9.25,0.0
2010-02-01,1.0,88.3,10.25,7.99,108.3,73.75210526315789,4.162450595190557,53.19857792129818,-0.1400770652777601,-0.1400770652777601,9.25,0.0
2010-03-01,1.0,90.1,10.25,7.925,113.8,78.82739130434783,7.487664452363628,52.693861725220856,-0.8168440014839076,-0.8168440014839076,9.25,0.0
2010-04-01,1.0,90.3,10.25,7.9259,117.6,84.81761904761905,9.03391670823044,52.48487941992005,0.011355822079094626,0.011355822079094626,9.25,0.0
2010-05-01,1.0,92.3,10.25,7.9251,115.1,75.94550000000001,8.829260714567821,28.167172499382236,-0.010094000387106502,-0.010094000387106502,9.25,0.0
2010-06-01,1.0,92.3,9.5,7.907,113.0,74.7609090909091,8.239288501849007,8.586347101837626,-0.22864948914741756,-0.22864948914741756,8.5,-0.75
2010-07-01,1.0,91.8,8.5,7.8932,108.6,75.58,7.343784312881127,15.952767988051047,-0.17468137756562357,-0.17468137756562357,7.5,-1.0
2010-08-01,1.0,92.9,7.75,7.8861,110.4,77.03954545454545,8.417754502526865,6.061408587634121,-0.08999132381230585,-0.08999132381230585,6.75,-0.75
2010-09-01,1.0,92.8,7.75,7.9135,111.2,77.8404761904762,5.995135713066503,14.037051463420482,0.3468445716190149,0.3468445716190149,6.75,0.0
2010-10-01,1.0,93.6,7.75,7.9116,110.3,82.6647619047619,7.197349962508924,12.749587974755364,-0.024012486608354575,-0.024012486608354575,6.75,0.0
2010-11-01,1.0,94.5,7.75,7.938,111.2,85.2747619047619,7.696104113612839,10.647238737634556,0.33313174357564534,0.33313174357564534,6.75,0.0
2010-12-01,1.0,95.2,7.75,7.9617,111.9,91.44681818181817,8.662947895176321,20.554435046887136,0.2981190532249639,0.2981190532249639,6.75,0.0
2011-01-01,1.0,94.7,7.75,7.94,109.6,96.5235,6.432735019390832,23.68533669848012,-0.27292696340788225,-0.27292696340788225,6.75,0.0
2011-02-01,1.0,95.6,7.75,7.9307,110.5,103.71631578947368,7.943271244744131,34.09498985520021,-0.11719711247110495,-0.11719711247110495,6.75,0.0
2011-03-01,1.0,95.7,7.75,7.96,108.9,114.64347826086957,6.029813384461639,37.456658193779994,0.36876957219581635,0.36876957219581635,6.75,0.0
2011-04-01,1.25,95.3,7.75,7.9654,105.7,123.25888888888888,5.3892350237216755,37.3783638120314,0.06781619559894035,0.06781619559894035,6.5,-0.25
2011-05-01,1.25,96.0,7.75,7.9706,109.1,114.98904761904762,3.9304049959029697,41.48209079523701,0.06526104649293478,0.06526104649293478,6.5,0.0
2011-06-01,1.25,94.5,7.75,7.9723,107.8,113.83318181818181,2.355569299089053,42.043891667767994,0.021326107627137637,0.021326107627137637,6.5,0.0
2011-07-01,1.5,95.6,7.75,7.9712,109.3,116.97349999999999,4.056052243091083,43.67557154958867,-0.013798726775747847,-0.013798726775747847,6.25,-0.25
2011-08-01,1.5,95.6,7.75,7.9707,110.4,110.21954545454545,2.8649174237562707,35.81553771134058,-0.0062727780272618106,-0.0062727780272618106,6.25,0.0
2011-09-01,1.5,94.7,7.75,7.9727,108.7,112.83380952380953,2.0267360399877665,37.12544685609828,0.02508875158987791,0.02508875158987791,6.25,0.0
2011-10-01,1.5,94.4,7.75,7.977,107.7,109.55000000000001,0.8510689667908831,28.158765028471635,0.05391951076420807,0.05391951076420807,6.25,0.0
2011-11-01,1.25,94.6,7.75,7.9897,106.4,110.76809523809524,0.10576415581354454,26.156024751962637,0.15908112106199826,0.15908112106199826,6.5,0.25
2011-12-01,1.0,94.1,7.75,7.9898,103.6,107.87049999999999,-1.162189520598575,16.517385233581667,0.001251603617157752,0.001251603617157752,6.75,0.25
2012-01-01,1.0,93.5,7.75,7.9897,102.4,110.68599999999999,-1.2752563897391236,13.691086177148923,-0.0012516036171491439,-0.0012516036171491439,6.75,0.0
2012-02-01,1.0,94.2,7.75,7.9867,103.1,119.327,-1.4752638475038182,14.020818439286309,-0.03755539464785584,-0.03755539464785584,6.75,0.0
2012-03-01,1.0,93.9,7.5,7.9867,100.3,125.44545454545455,-1.8987912244691343,9.004391517313536,0.0,0.0,6.5,-0.25
2012-04-01,1.0,93.3,7.5,7.9899,101.3,119.42166666666668,-2.1209702806858277,-3.1626283758551423,0.040058586217225,0.040058586217225,6.5,0.0
2012-05-01,1.0,94.0,7.5,7.9925,103.0,110.33952380952381,-2.105340919783238,-4.127469356260531,0.032535789655315395,0.032535789655315395,6.5,0.0
2012-06-01,1.0,93.3,7.5,7.9925,100.1,95.15571428571428,-1.2779726646398994,-17.921941182534688,0.0,0.0,6.5,0.0
2012-07-01,0.75,93.5,7.5,7.993,101.6,102.61857142857141,-2.2211383762714276,-13.092848898480069,0.006255669202261969,0.006255669202261969,6.75,0.25
2012-08-01,0.75,94.2,7.5,7.993,98.0,113.35608695652174,-1.4752638475038182,2.805983159132702,0.0,0.0,6.75,0.0
2012-09-01,0.75,92.4,7.5,7.993,96.1,112.8636842105263,-2.458702154439405,0.02647321101970919,0.0,0.0,6.75,0.0
2012-10-01,0.75,91.6,7.5,7.993,97.5,111.7108695652174,-3.0109801471370568,1.9532945641478376,0.0,0.0,6.75,0.0
2012-11-01,0.75,91.0,7.5,7.993,97.9,109.05857142857143,-3.879796954098254,-1.555369327055385,0.0,0.0,6.75,0.0
2012-12-01,0.75,91.5,7.5,7.993,94.4,109.494,-2.801907430985824,1.4938319649089993,0.0,0.0,6.75,0.0
2013-01-01,0.75,91.1,7.5,7.993,96.8,112.96,-2.600363202872876,2.033640995942986,0.0,0.0,6.75,0.0
2013-02-01,0.75,91.3,7.5,7.993,94.4,116.05052631578947,-3.12693939813947,-2.784195573809638,0.0,0.0,6.75,0.0
2013-03-01,0.75,92.4,7.5,7.993,95.4,108.474,-1.6103407566578736,-14.536052603120586,0.0,0.0,6.75,0.0
2013-04-01,0.75,92.5,7.5,7.993,98.3,102.24818181818182,-0.8611463334918582,-15.525763433047073,0.0,0.0,6.75,0.0
2013-05-01,0.5,92.5,7.5,7.993,91.4,102.55863636363637,-1.608613775162438,-7.312749507238885,0.0,0.0,7.0,0.25
2013-06-01,0.5,92.8,7.0,7.993,94.6,102.9195,-0.5373468061143235,7.8432481769215165,0.0,0.0,6.5,-0.5
2013-07-01,0.5,91.8,7.0,7.993,95.9,107.93318181818182,-1.834913866819654,5.049342435740782,0.0,0.0,6.5,0.0
2013-08-01,0.5,92.3,6.5,7.993,95.3,111.28045454545455,-2.037604007351101,-1.848044374728299,0.0,0.0,6.0,-0.5
2013-09-01,0.5,92.6,6.5,7.993,95.1,111.59649999999999,0.21621630044950957,-1.1291068636909016,0.0,0.0,6.0,0.0
2013-10-01,0.5,92.1,6.5,7.993,95.8,109.07652173913044,0.5443671581176673,-2.386434146067086,0.0,0.0,6.0,0.0
2013-11-01,0.25,93.2,6.5,7.993,96.0,107.792,2.3888215174695593,-1.1681646244355197,0.0,0.0,6.25,0.25
2013-12-01,0.25,93.1,6.5,7.993,100.0,110.75666666666666,1.7335212001545686,1.146584951464381,0.0,0.0,6.25,0.0
2014-01-01,0.25,92.7,6.5,7.993,95.8,108.11772727272728,1.7410668305897012,-4.381307297264408,0.0,0.0,6.25,0.0
2014-02-01,0.25,93.4,6.5,9.9863,97.0,108.90052631578948,2.2740557633874197,-6.359080501397135,22.264799504216437,22.264799504216437,6.25,0.0
2014-03-01,0.25,92.9,6.5,10.9546,94.2,107.48095238095237,0.5396667172154259,-0.9196868213644646,9.25453056870084,9.25453056870084,6.25,0.0
2014-04-01,0.25,94.3,9.5,11.401581,94.8,107.7552380952381,1.9272545121032325,5.24593281796049,3.999257062215525,3.999257062215525,9.25,3.0
2014-05-01,0.25,93.6,9.5,11.774997,98.6,109.53909090909092,1.1821738965166733,6.584678305513114,3.2226355130168924,3.2226355130168924,9.25,0.0
2014-06-01,0.15,93.1,9.5,11.823346,95.6,111.79523809523809,0.32275444908665646,8.272183748854328,0.40976663193507185,0.40976663193507185,9.35,0.09999999999999964
2014-07-01,0.15,93.9,12.5,12.097248,88.6,106.76818181818182,2.261808858777258,-1.0852389702362555,2.290193727348894,2.290193727348894,12.35,3.0
2014-08-01,0.15,92.1,12.5,13.605777,80.0,101.60809523809523,-0.21691982475453264,-9.09304227965892,11.751649324231877,11.751649324231877,12.35,0.0
2014-09-01,0.05,93.2,12.5,12.949185,84.5,97.09142857142858,0.6458580039411949,-13.923659028599925,-4.946163015837503,-4.946163015837503,12.45,0.09999999999999964
2014-10-01,0.05,93.1,12.5,12.950684,84.4,87.42521739130434,1.079924102176023,-22.12659006725111,0.011575348135347385,0.011575348135347385,12.45,0.0
2014-11-01,0.05,92.8,14.0,14.969269,84.4,79.4378947368421,-0.43010818993906974,-30.522792613111626,14.485076096042537,14.485076096042537,13.95,1.5
2014-12-01,0.05,94.0,14.0,15.768556,82.9,62.33500000000001,0.9620597986982485,-57.48125369524383,5.20184642734993,5.20184642734993,13.95,0.0
2015-01-01,0.05,93.4,14.0,16.157817,80.0,47.7595,0.7522872662987414,-81.70427007544669,2.4386126816824487,2.4386126816824487,13.95,0.0
2015-02-01,0.05,95.7,19.5,27.76312,78.6,58.0955,2.4326953224111607,-62.83466547559843,54.13045639196747,54.13045639196747,19.45,5.5
2015-03-01,0.05,95.9,30.0,23.442625,79.9,55.88545454545454,3.178233606959966,-65.40095033237738,-16.91525747607143,-16.91525747607143,29.95,10.5
2015-04-01,0.05,95.2,30.0,21.046832,79.1,59.52428571428571,0.9498752157907905,-59.34779486742222,-10.780589650326917,-10.780589650326917,29.95,0.0
2015-05-01,0.05,95.9,30.0,21.048227,80.0,64.075,2.4275598405846304,-53.62272079025788,0.006627856255125389,0.006627856255125389,29.95,0.0
2015-06-01,0.05,96.2,30.0,21.015358,82.6,61.47772727272727,3.275517338863941,-59.799401569771014,-0.15628247896605402,-0.15628247896605402,29.95,0.0
2015-07-01,0.05,96.7,30.0,21.611775,87.3,56.56130434782609,2.9383016245031293,-63.533487645272224,2.7984801281936105,2.7984801281936105,29.95,0.0
2015-08-01,0.05,95.4,27.0,21.185441,95.2,46.515,3.5203635192979696,-78.13483682900804,-1.99241045673932,-1.99241045673932,26.95,-3.0
2015-09-01,0.05,95.9,22.0,21.527544,95.6,47.62318181818182,2.855826019784712,-71.23334414901926,1.6019031006045206,1.6019031006045206,21.95,-5.0
2015-10-01,0.05,96.1,22.0,22.903985,95.3,48.43,3.1715131693225347,-59.06643131346342,6.197768140472471,6.197768140472471,21.95,0.0
2015-11-01,0.05,95.6,22.0,23.884656,95.7,44.26761904761905,2.972618026520069,-58.472205531445184,4.192533150548301,4.192533150548301,21.95,0.0
2015-12-01,0.05,95.6,22.0,24.000667,98.5,38.00545454545455,1.6878037787351732,-49.47933757016724,0.4845377234788355,0.4845377234788355,21.95,0.0
2016-01-01,0.05,97.4,22.0,25.151769,99.0,30.6995,4.193486541369258,-44.19316322022494,4.684661041588507,4.684661041588507,21.95,0.0
2016-02-01,0.05,96.0,22.0,27.054389,108.6,32.1815,0.31298930089275656,-59.06964549095613,7.292101516942153,7.292101516942153,21.95,0.0
2016-03-01,0.0,95.5,22.0,26.218056,105.8,38.210454545454546,-0.41797344027080796,-38.019498402092474,-3.140091350325875,-3.140091350325875,22.0,0.05000000000000071
2016-04-01,0.0,97.0,19.0,25.186528,104.5,41.583333333333336,1.8731036706063127,-35.86849465774055,-4.0139085318932,-4.0139085318932,19.0,-3.0
2016-05-01,0.0,95.4,18.0,25.166002,101.0,46.742380952380955,-0.5227403435151687,-31.540300407781125,-0.08152917494700516,-0.08152917494700516,18.0,-1.0
2016-06-01,0.0,96.3,16.5,24.854409,97.1,48.24727272727273,0.10389611324190386,-24.233564864995753,-1.2458795290028917,-1.2458795290028917,16.5,-1.5
2016-07-01,0.0,96.1,15.5,24.798204,100.5,44.951904761904764,-0.6224086483001954,-22.973194748912157,-0.22639301583583446,-0.22639301583583446,15.5,-1.0
2016-08-01,0.0,96.2,15.5,25.652241,104.0,45.843043478260874,0.8350779217419888,-1.455137751317061,3.3859705027743248,3.3859705027743248,15.5,0.0
2016-09-01,0.0,96.5,15.0,25.911879,102.5,46.567727272727275,0.6237026455547698,-2.2411902258006493,1.0070575985565484,1.0070575985565484,15.0,-0.5
2016-10-01,0.0,97.2,14.0,25.495951,101.6,49.522380952380956,1.138139549014675,2.2305251426953245,-1.6181856963907109,-1.6181856963907109,14.0,-1.0
2016-11-01,0.0,97.6,14.0,25.599374,104.1,44.73409090909091,2.07046733616912,1.04824083279445,0.40482428184429625,0.40482428184429625,14.0,0.0
2016-12-01,0.0,97.2,14.0,27.190858,105.0,53.3085,1.659789140903783,33.836610303346895,6.031291580398817,6.031291580398817,14.0,0.0
2017-01-01,0.0,97.1,14.0,27.119036,106.4,54.57666666666666,-0.3084835351210262,57.536007316771965,-0.2644897147805598,-0.2644897147805598,14.0,0.0
2017-02-01,0.0,97.8,14.0,27.053672,96.4,54.8695,1.8576385572935457,53.35658853008846,-0.24131720245572533,-0.24131720245572533,14.0,0.0
2017-03-01,0.0,97.6,14.0,26.976058,98.2,51.589130434782604,2.175124593236212,30.0201842439288,-0.2873012816714051,-0.2873012816714051,14.0,0.0
2017-04-01,0.0,98.4,13.0,26.551453,94.9,52.30789473684211,1.4329825554824867,22.944786470664916,-1.5865258755641356,-1.5865258755641356,13.0,-1.0
2017-05-01,0.0,98.8,12.5,26.352778,102.1,50.326521739130435,3.501902629958114,7.388094113045264,-0.751077674549105,-0.751077674549105,12.5,-0.5
2017-06-01,0.0,98.8,12.5,26.098994,104.8,46.36818181818182,2.562928594974222,-3.9725815070214465,-0.9676926850809435,-0.9676926850809435,12.5,0.0
2017-07-01,0.0,99.9,12.5,25.915589,98.4,48.47857142857143,3.87803696782612,7.552873894882375,-0.7052089991394028,-0.7052089991394028,12.5,0.0
2017-08-01,0.0,100.7,12.5,25.579541,102.1,51.70434782608696,4.571644205285589,12.031841148744157,-1.3051827249423604,-1.3051827249423604,12.5,0.0
2017-09-01,0.0,100.3,12.5,26.521094,100.5,56.152857142857144,3.8622686622949653,18.71698105872904,3.6147564068509572,3.6147564068509572,12.5,0.0
2017-10-01,0.0,100.3,13.5,26.82939,101.4,57.50772727272727,3.139498350149645,14.949461828382118,1.1557512083305541,1.1557512083305541,13.5,1.0
2017-11-01,0.0,103.0,13.5,27.01393,101.1,62.71409090909091,5.385149481058895,33.78502866811789,0.6854730450731715,0.6854730450731715,13.5,0.0
2017-12-01,0.0,103.0,14.5,28.067223,100.0,64.3736842105263,5.795827676324228,18.860912619814176,3.8249795350219538,3.8249795350219538,14.5,1.0
2018-01-01,0.0,100.9,16.0,28.008791,104.3,69.07727272727273,3.838855206228425,23.561933159795245,-0.2084029052006939,-0.2084029052006939,16.0,1.5
2018-02-01,0.0,100.0,16.0,26.948185,102.8,65.3175,2.2245608947319737,17.430235567110522,-3.8602477036121843,-3.8602477036121843,16.0,0.0
2018-03-01,0.0,100.5,17.0,26.543493,101.7,66.01666666666667,2.9280234080083605,24.659623559093852,-1.5131315244312824,-1.5131315244312824,17.0,1.0
2018-04-01,0.0,100.2,17.0,26.230047,103.6,72.10600000000001,1.8127384592556701,32.098994791145145,-1.1879047185430904,-1.1879047185430904,17.0,0.0
2018-05-01,0.0,101.4,17.0,26.135817,103.1,76.9752380952381,2.5975486403260737,42.495157765322304,-0.3598913280871128,-0.3598913280871128,17.0,0.0
2018-06-01,0.0,101.3,17.0,26.18917,102.9,74.4047619047619,2.4988806500815497,47.29064565569762,0.20392940944262503,0.20392940944262503,17.0,0.0
2018-07-01,0.0,99.9,17.5,26.755214,103.7,74.2540909090909,0.0,42.63709984893358,2.138340370409737,2.138340370409737,17.5,0.5
2018-08-01,0.0,101.2,17.5,28.279437,100.8,72.52826086956522,0.4952957128848617,33.8434415809018,5.540556253173669,5.540556253173669,17.5,0.0
2018-09-01,0.0,100.4,18.0,28.298262,99.3,78.89099999999999,0.0996512289739076,33.99895889031284,0.0665456567779297,0.0665456567779297,18.0,0.5
2018-10-01,0.0,100.7,18.0,28.164437,102.0,81.03217391304348,0.39801047566267267,34.29269584829996,-0.4740306537342963,-0.4740306537342963,18.0,0.0
2018-11-01,0.0,99.3,18.0,28.390932,99.6,64.74818181818182,-3.6583417178508935,3.191946237545667,0.8009715608357961,0.8009715608357961,18.0,0.0
2018-12-01,0.0,99.5,18.0,27.688264,97.2,57.36235294117647,-3.457134406508867,-11.531670328449612,-2.506115730264926,-2.506115730264926,18.0,0.0
2019-01-01,0.0,100.5,18.0,27.755525,99.0,59.40954545454545,-0.3972199860432914,-15.077086123519635,0.242627836983334,0.242627836983334,18.0,0.0
2019-02-01,0.0,99.9,18.0,26.992764,98.3,63.9605,-0.10005003335834234,-2.0994288931803147,-2.786608938803582,-2.786608938803582,18.0,0.0
2019-03-01,0.0,100.1,18.0,27.248765,102.4,66.13857142857144,-0.39880411779555447,0.18448727154154232,0.9439368895391989,0.9439368895391989,18.0,0.0
2019-04-01,0.0,99.9,17.5,26.619328,104.3,71.23333333333333,-0.29985029962565574,-1.2176384924626809,-2.3370630510287826,-2.3370630510287826,17.5,-0.5
2019-05-01,0.0,100.4,17.5,26.872573,103.3,71.31772727272727,-0.9910883899454018,-7.633886108789029,0.9468606922146554,0.9468606922146554,17.5,0.0
2019-06-01,0.0,99.2,17.5,26.166382,100.6,64.2205,-2.094839696381055,-14.719746951954354,-2.6630718312977355,-2.6630718312977355,17.5,0.0
2019-07-01,0.0,99.0,17.0,25.085516,101.7,63.9191304347826,-0.9049835519917927,-14.987417517977896,-4.2184829293739385,-4.2184829293739385,17.0,-0.5
2019-08-01,0.0,99.4,17.0,25.232299,101.2,59.041818181818186,-1.7946643190836826,-20.57303154232705,0.5834252395731967,0.5834252395731967,17.0,0.0
2019-09-01,0.0,99.3,16.5,24.082809,100.4,62.826666666666675,-1.1016636206502015,-22.768754110935205,-4.662661372104824,-4.662661372104824,16.5,-0.5
2019-10-01,0.0,100.0,15.5,24.995421,97.1,59.71304347826087,-0.6975613736425323,-30.529580435148535,3.7194381631230558,3.7194381631230558,15.5,-1.0
2019-11-01,0.0,98.6,15.5,24.035575,94.1,63.21190476190476,-0.7074309442537153,-2.401297025740812,-3.915762358762034,-3.915762358762034,15.5,0.0
2019-12-01,0.0,96.7,13.5,23.6862,93.3,67.21714285714286,-2.854424170529841,15.854010099454655,-1.464242443461655,-1.464242443461655,13.5,-2.0
2020-01-01,0.0,99.4,11.0,24.9196,95.1,63.64545454545455,-1.1005613836602017,6.887299783873405,5.076204235593943,5.076204235593943,11.0,-2.5
2020-02-01,0.0,98.7,11.0,24.561,99.0,55.657000000000004,-1.2084739215072,-13.905784934640433,-1.4494823363641078,-1.4494823363641078,11.0,0.0
2020-03-01,0.0,87.4,10.0,28.0615,93.3,32.01136363636363,-13.567440365968503,-72.56611547170654,13.323871106124436,13.323871106124436,10.0,-1.0
2020-04-01,0.0,71.2,8.0,26.9714,84.9,18.3785,-33.86768672365777,-135.4779370505902,-3.9621484790173134,-3.9621484790173134,8.0,-2.0
2020-05-01,0.0,81.2,8.0,26.9059,87.5,29.378947368421056,-21.22469600899966,-88.68665839323275,-0.24314519201755724,-0.24314519201755724,8.0,0.0
2020-06-01,0.0,88.7,6.0,26.6922,95.3,40.26681818181818,-11.187812497529329,-46.67947147485664,-0.7974205518265473,-0.7974205518265473,6.0,-2.0
2020-07-01,0.0,92.9,6.0,27.6913,97.1,43.24217391304348,-6.359620431479704,-39.08024303869807,3.6746896542587337,3.6746896542587337,6.0,0.0
2020-08-01,0.0,93.6,6.0,27.4759,95.9,44.736000000000004,-6.012173017898216,-27.746742896919525,-0.7809027632588407,-0.7809027632588407,6.0,0.0
2020-09-01,0.0,94.1,6.0,28.2989,96.6,40.90954545454545,-5.3787524459793,-42.90161907797344,2.951367783076233,2.951367783076233,6.0,0.0
2020-10-01,0.0,96.8,6.0,28.4383,95.8,40.18954545454546,-3.252319170556006,-39.594358177454495,0.49138935477953705,0.49138935477953705,6.0,0.0
2020-11-01,0.0,99.5,6.0,28.4681,100.5,42.69238095238095,0.9086382555957442,-39.24721776147662,0.104733396327952,0.104733396327952,6.0,0.0
2020-12-01,0.0,98.7,6.0,28.2746,105.3,49.99363636363637,2.0471543980187286,-29.603259243591463,-0.6820287017537023,-0.6820287017537023,6.0,0.0
2021-01-01,0.0,100.2,6.0,28.1929,96.5,54.774,0.8016074988236125,-15.011228037378263,-0.2893701935082828,-0.2893701935082828,6.0,0.0
2021-02-01,0.0,98.8,6.0,27.9301,95.8,62.2765,0.10126583143861856,11.237629159566783,-0.9365212864071281,-0.9365212864071281,6.0,0.0
2021-03-01,0.0,100.0,6.5,27.8852,102.6,65.41,13.467490332660148,71.45841985749553,-0.1608878199535337,-0.1608878199535337,6.5,0.5
2021-04-01,0.0,100.8,7.5,27.75,113.7,64.8065,34.76455372193381,126.02244038185388,-0.48602419382172507,-0.48602419382172507,7.5,1.0
2021-05-01,0.0,99.7,7.5,27.5004,106.7,68.53421052631579,20.525042980016035,84.70547024037047,-0.9035290171156575,-0.9035290171156575,7.5,0.0
2021-06-01,0.0,99.9,7.5,27.1763,102.4,73.1640909090909,11.890979633897407,59.717697963243985,-1.1855280071742,-1.1855280071742,7.5,0.0
2021-07-01,0.0,101.3,8.0,26.8867,101.5,75.1659090909091,8.656276543484472,55.28815245936208,-1.0713529401319093,-1.0713529401319093,8.0,0.5
2021-08-01,0.0,99.0,8.0,26.8601,101.9,70.74714285714286,5.608946665104358,45.83336054519368,-0.09898264518741827,-0.09898264518741827,8.0,0.0
2021-09-01,0.0,99.0,8.5,26.576,100.2,74.48863636363636,5.076180354325598,59.92831607042157,-1.0633361225412654,-1.0633361225412654,8.5,0.5
2021-10-01,0.0,99.3,8.5,26.3265,102.4,83.53809523809524,2.549857676859568,73.16958597288347,-0.9432516417221622,-0.9432516417221622,8.5,0.0
2021-11-01,0.0,100.0,8.5,27.1739,101.2,81.05,0.5012541823544193,64.10457758965437,3.168091735341906,3.168091735341906,8.5,0.0
2021-12-01,0.0,102.0,9.0,27.2782,99.7,74.1704761904762,3.288786684483521,39.447045138403986,0.38308945864978794,0.38308945864978794,9.0,0.5
2022-01-01,0.0,101.2,10.0,28.7839,103.3,86.50523809523808,0.9930568202600788,45.69893393077066,5.372835465620088,5.372835465620088,10.0,1.0
2022-02-01,0.0,101.8,10.0,29.2549,90.7,97.12899999999999,2.991249936260025,44.44558443106285,1.6230877965413795,1.6230877965413795,10.0,0.0
2022-03-01,0.0,99.9,10.0,29.2549,46.5,117.24521739130434,-0.10005003335834234,58.35924646817175,0.0,0.0,10.0,0.0
2022-04-01,0.0,100.2,10.0,29.2549,53.5,104.57526315789474,-0.5970166986503797,47.85011268067674,0.0,0.0,10.0,0.0
2022-05-01,0.0,102.5,10.0,29.2549,59.3,113.33761904761906,2.769712161067015,50.30380990136878,0.0,0.0,10.0,0.0
2022-06-01,0.0,102.1,25.0,29.2549,59.6,122.71095238095238,2.178303951611199,51.71268699402902,0.0,0.0,25.0,15.0
2022-07-01,0.5,100.4,25.0,36.5686,58.0,111.92571428571429,-0.8924203997008778,39.813759432057815,22.31428676678177,22.31428676678177,24.5,-0.5
2022-08-01,0.5,102.4,25.0,36.5686,60.8,100.44636363636364,3.3766862470817482,35.051173780933446,0.0,0.0,24.5,0.0
2022-09-01,1.25,103.6,25.0,36.5686,60.6,89.7647619047619,4.541747969079262,18.65459101712498,0.0,0.0,23.75,-0.75
2022-10-01,1.25,102.6,25.0,36.5686,59.0,93.33190476190477,3.269236168554231,11.085925004983514,0.0,0.0,23.75,0.0
2022-11-01,2.0,102.9,25.0,36.5686,58.9,91.41545454545455,2.8587456851912685,12.034830291541038,0.0,0.0,23.0,-0.75
2022-12-01,2.5,100.8,25.0,36.5686,56.1,80.924,-1.183445764700291,8.714426663011494,0.0,0.0,22.5,-0.5
2023-01-01,2.5,102.3,25.0,36.5686,61.0,82.50142857142858,1.0810916104215675,-4.738935891067442,0.0,0.0,22.5,0.0
2023-02-01,3.0,103.4,25.0,36.5686,72.4,82.58500000000001,1.5594857957906418,-16.221192590790242,0.0,0.0,22.0,-0.5
2023-03-01,3.5,100.4,25.0,36.5686,144.1,78.43434782608696,0.49925216031209846,-40.20056752140338,0.0,0.0,21.5,-0.5
2023-04-01,3.5,100.6,25.0,36.5686,119.4,84.63833333333334,0.3984069014874292,-21.151975710161786,0.0,0.0,21.5,0.0
2023-05-01,3.75,101.2,25.0,36.5686,118.2,75.466,-1.2764041725097712,-40.66889196535368,0.0,0.0,21.25,-0.25
2023-06-01,4.0,101.8,25.0,36.5686,114.4,74.83909090909091,-0.2942621054197424,-49.44912549856314,0.0,0.0,21.0,-0.25
2023-07-01,4.0,99.0,22.0,36.5686,114.8,80.10809523809523,-1.4042357123038993,-33.44584728175445,0.0,0.0,18.0,-3.0
2023-08-01,4.25,98.4,22.0,36.5686,115.4,86.14772727272727,-3.9845908547199675,-15.356030829451885,0.0,0.0,17.75,-0.25
2023-09-01,4.5,98.4,20.0,36.5686,112.4,93.72238095238096,-5.149652576717484,4.314452638103343,0.0,0.0,15.5,-2.25
2023-10-01,4.5,97.9,16.0,36.3659,117.3,90.59590909090909,-4.689138320020431,-2.975294975404312,-0.5558426310906504,-0.5558426310906504,11.5,-4.0
2023-11-01,4.5,98.9,16.0,36.3752,117.5,82.94,-3.964840421133747,-9.729709627886029,0.025570138616729805,0.025570138616729805,11.5,0.0
2023-12-01,4.5,98.7,15.0,37.9824,123.7,77.63105263157895,-2.1053409197832265,-4.154293269168662,4.32356707825735,4.32356707825735,10.5,-1.0
2024-01-01,4.5,97.3,15.0,37.8746,119.1,80.12409090909091,-5.011068376562138,-2.923903993994386,-0.2842191823242172,-0.2842191823242172,10.5,0.0
2024-02-01,4.5,97.5,15.0,38.2077,113.4,83.47809523809524,-5.875258407052726,1.0756198990671177,0.8756363262858433,0.8756363262858433,10.5,0.0
2024-03-01,4.5,96.8,14.5,39.2214,106.4,85.4085,-3.651521297509757,8.518368601670172,2.618545022402487,2.618545022402487,10.0,-0.5
2024-04-01,4.5,97.5,13.5,39.6688,113.4,89.93809523809524,-3.1299879661837227,6.073432630359908,1.134246830530848,1.134246830530848,9.0,-1.0
2024-05-01,4.5,96.2,13.5,40.5001,105.0,81.74619047619048,-5.0669399181704415,7.993698531229946,2.0739458735396754,2.0739458735396754,9.0,0.0
2024-06-01,4.25,97.6,13.0,40.5374,100.9,82.24600000000001,-4.213261069737562,9.437440203792963,0.09205615334654614,0.09205615334654614,8.75,-0.25
2024-07-01,4.25,97.0,13.0,41.0291,100.0,85.15304347826087,-2.040887163120712,6.1073235907770504,1.2056566265414113,1.2056566265414113,8.75,0.0
2024-08-01,4.25,97.3,13.0,41.1901,97.7,80.3552380952381,-1.124181486624841,-6.960630053947643,0.3916365174646802,0.3916365174646802,8.75,0.0
2024-09-01,3.65,96.7,13.0,41.1664,103.8,74.01666666666667,-1.7427401598959151,-23.604672520187542,-0.05755465726256526,-0.05755465726256526,9.35,0.5999999999999996
2024-10-01,3.4,96.9,13.0,41.279,103.0,75.63260869565217,-1.0267030639744146,-18.052153636583583,0.273150642753238,0.273150642753238,9.6,0.25
2024-11-01,3.4,96.9,13.0,41.5956,100.9,74.3452380952381,-2.042971973194592,-10.939783110187069,0.764049636880839,0.764049636880839,9.6,0.0
2024-12-01,3.15,96.6,13.5,42.039,98.2,73.8595,-2.150620522096362,-4.980287008601745,1.0603366413701667,1.0603366413701667,10.35,0.75
2025-01-01,3.15,97.1,14.5,41.8242,97.3,79.27045454545454,-0.2057613894680154,-1.0711088293233018,-0.5122639482430684,-0.5122639482430684,11.35,1.0
2025-02-01,2.9,98.4,14.5,41.514,91.8,75.438,0.918842605440639,-10.127313812462585,-0.7444399629030632,-0.7444399629030632,11.6,0.25
2025-03-01,2.65,100.6,15.5,41.4787,94.9,72.73285714285714,3.8505263383107424,-16.065238982153623,-0.08506772795376037,-0.08506772795376037,12.85,1.25
2025-04-01,2.4,97.9,15.5,41.5647,94.6,68.1345,0.4094171532663368,-27.763791017586836,0.20712068808420933,0.20712068808420933,13.1,0.25
2025-05-01,2.4,98.9,15.5,41.5285,100.1,64.453,2.7679880957005545,-23.768293299864727,-0.08713108242359537,-0.08713108242359537,13.1,0.0
2025-06-01,2.15,98.3,15.5,41.6409,104.3,71.4447619047619,0.7146533734074088,-14.079016589551427,0.2702918824248111,0.2702918824248111,13.35,0.25
2025-07-01,2.15,99.0,15.5,41.7662,104.5,71.04130434782608,2.0408871631207033,-18.118868975404066,0.3004542641089069,0.3004542641089069,13.35,0.0
2025-08-01,2.15,97.9,15.5,41.2602,101.9,67.87,0.6147560344505439,-16.886317032295388,-1.21890450460342,-1.21890450460342,13.35,0.0
2025-09-01,2.15,98.1,15.5,41.3176,101.8,67.98545454545454,1.4373964112068776,-8.499651451787905,0.13902043707774814,0.13902043707774814,13.35,0.0
2025-10-01,2.15,,15.5,41.9701,97.0,64.54347826086956,,-15.854844386700737,1.566890068505979,1.566890068505979,13.35,0.0
2025-11-01,2.15,,15.5,42.1928,95.1,63.797000000000004,,-15.301345641476018,0.5292130374699224,0.5292130374699224,13.35,0.0
2025-12-01,2.15,,15.5,42.3878,97.9,62.54428571428572,,-16.62897625847487,0.4610994613316377,0.4610994613316377,13.35,0.0
